x,key_49_log
0.0,-0.8608410687156063
0.01001001001001001,0.04129536930089483
0.02002002002002002,-0.03226885416365881
0.03003003003003003,-0.6965204759406324
0.04004004004004004,-0.1858146361484503
0.050050050050050046,-0.3907010510224604
0.06006006006006006,-0.015522555178586417
0.07007007007007007,-0.160515950938932
0.08008008008008008,0.02707079484388519
0.09009009009009009,-0.045622593631724315
0.10010010010010009,-0.21151804569638963
0.11011011011011011,-0.07701639528178618
0.12012012012012012,-0.773249500646382
0.13013013013013014,-0.04138456802786046
0.14014014014014015,-0.19113320777582016
0.15015015015015015,0.03056969551392964
0.16016016016016016,-0.5822045005191756
0.17017017017017017,-0.175265420300604
0.18018018018018017,-0.2523364621474339
0.19019019019019018,-0.005142441151726895
0.20020020020020018,-0.4038819503466008
0.21021021021021022,-0.40930447289785865
0.22022022022022023,-0.6095238818927462
0.23023023023023023,-0.046908444548345134
0.24024024024024024,-0.045903594848460544
0.2502502502502503,-0.46647388249531924
0.2602602602602603,-0.0820610166439113
0.2702702702702703,-0.14201373575218781
0.2802802802802803,-0.80753916178785
0.2902902902902903,-0.8262984194674573
0.3003003003003003,-0.6742069022033147
0.3103103103103103,-0.8143314169192726
0.3203203203203203,-0.3514539937128583
0.3303303303303303,-0.680001931490917
0.34034034034034033,-0.4054947186608232
0.35035035035035034,0.010368728055109393
0.36036036036036034,-0.11063413232502377
0.37037037037037035,-0.005981344183410288
0.38038038038038036,-0.2473521036739638
0.39039039039039036,-0.5006801162306384
0.40040040040040037,-0.5656183881626561
0.41041041041041043,-0.4090574675375347
0.42042042042042044,0.03699058281969466
0.43043043043043044,-0.3490873867836928
0.44044044044044045,-0.3074113500915644
0.45045045045045046,-0.05913465260481737
0.46046046046046046,-0.1108772970558631
0.47047047047047047,-0.0013811862396119143
0.4804804804804805,-0.5594225409722569
0.4904904904904905,-0.23563971617390442
0.5005005005005005,-0.2195339634948296
0.5105105105105106,-0.0643727373820528
0.5205205205205206,-0.4315188011129238
0.5305305305305306,-0.3205610000608847
0.5405405405405406,-0.2629140093103543
0.5505505505505506,-0.14445830245944682
0.5605605605605606,-0.5852521449067962
0.5705705705705706,-0.17476263504116105
0.5805805805805806,-0.7680238121032301
0.5905905905905906,-0.16009530325928825
0.6006006006006006,-0.16484772377828413
0.6106106106106106,0.033233771270419425
0.6206206206206206,0.011529260421565367
0.6306306306306306,-0.18139604990887537
0.6406406406406406,-0.29391526158994286
0.6506506506506506,-0.5823242065226606
0.6606606606606606,-0.5315180958424641
0.6706706706706707,0.009824192336858868
0.6806806806806807,-0.039426249637485464
0.6906906906906907,-0.3713503360025039
0.7007007007007007,-0.8886735820380787
0.7107107107107107,-0.30780062392724944
0.7207207207207207,-0.040924151020221254
0.7307307307307307,0.03390746471129698
0.7407407407407407,-0.020027972802001283
0.7507507507507507,-0.45402464887145655
0.7607607607607607,0.02586724341260521
0.7707707707707707,0.023423472910987904
0.7807807807807807,-0.062207631647404386
0.7907907907907907,-0.21373264542259177
0.8008008008008007,0.0324024553994973
0.8108108108108109,-0.28797832148074026
0.8208208208208209,0.02093837348724614
0.8308308308308309,-0.16901822363447128
0.8408408408408409,-0.76381087266072
0.8508508508508509,-0.6597451469322948
0.8608608608608609,-0.05605152965273184
0.8708708708708709,-0.28852068787898827
0.8808808808808809,-0.358000716347811
0.8908908908908909,-0.2948961127915857
0.9009009009009009,-0.24878174104235024
0.9109109109109109,-0.221959813598717
0.9209209209209209,-0.3406435680037222
0.9309309309309309,-0.11589332987479596
0.9409409409409409,-0.4489883318127051
0.950950950950951,-0.5804776851028428
0.960960960960961,-0.3144825529734818
0.970970970970971,-0.19426140598987515
0.980980980980981,-0.1881677340229463
0.990990990990991,-0.465686171397797
1.001001001001001,-0.2849049307413166
1.011011011011011,-0.2906679800297297
1.021021021021021,-0.18591426892811722
1.031031031031031,0.0034624273051784295
1.0410410410410411,-0.6792815490427748
1.0510510510510511,-0.22640899654527158
1.0610610610610611,-0.10334903924028824
1.0710710710710711,-0.2458508291190743
1.0810810810810811,-0.6261878921715018
1.0910910910910911,-0.5495792122490316
1.1011011011011012,-0.9464275872058926
1.1111111111111112,-0.27733650957757955
1.1211211211211212,-0.4825878971367047
1.1311311311311312,-0.2319419600087349
1.1411411411411412,-0.773441122064948
1.1511511511511512,-0.36406048158090276
1.1611611611611612,-0.11711095689618192
1.1711711711711712,-0.06063725090980332
1.1811811811811812,-0.28892677045026977
1.1911911911911912,0.029774902074600776
1.2012012012012012,-0.9089444769769227
1.2112112112112112,-0.2524382185101111
1.2212212212212212,-0.6730994682180863
1.2312312312312312,-0.33048182382938485
1.2412412412412412,-0.5046851851091757
1.2512512512512513,-0.767625284360031
1.2612612612612613,-0.44050463021053365
1.2712712712712713,-0.2876415756342415
1.2812812812812813,-0.15477855886150674
1.2912912912912913,-0.08609913139450112
1.3013013013013013,-0.08842824106303164
1.3113113113113113,-0.5117640512398737
1.3213213213213213,-0.29869948382303974
1.3313313313313313,-0.09414641410284287
1.3413413413413413,-0.4300360073485168
1.3513513513513513,-0.48449868825502973
1.3613613613613613,-0.7783290020715711
1.3713713713713713,-0.02788551031056152
1.3813813813813813,-0.42314681851947
1.3913913913913913,-0.4824960478085524
1.4014014014014013,-0.11833213599750572
1.4114114114114114,-0.01774648780978594
1.4214214214214214,0.0313957626611729
1.4314314314314314,-0.4284323993359701
1.4414414414414414,-0.2619395304495343
1.4514514514514514,0.005434798663631989
1.4614614614614614,-0.47430803234867186
1.4714714714714714,-0.3812378718370699
1.4814814814814814,-0.21164564315529097
1.4914914914914914,-0.5809903283977635
1.5015015015015014,-0.3096086866183711
1.5115115115115114,-0.05728178109381552
1.5215215215215214,-0.4142471214573099
1.5315315315315314,0.018339476358165064
1.5415415415415414,-0.9291422767069114
1.5515515515515514,-0.36436542335919464
1.5615615615615615,0.00048555237582773627
1.5715715715715715,-0.40898257798464666
1.5815815815815815,-0.31231037075320595
1.5915915915915915,0.009153826465026774
1.6016016016016015,-0.016861078716044437
1.6116116116116117,-0.12949238442215397
1.6216216216216217,-0.7329847681515446
1.6316316316316317,-0.1617859793323363
1.6416416416416417,0.00182834888075408
1.6516516516516517,-0.09230602622103039
1.6616616616616617,-0.07439753858398661
1.6716716716716717,-0.7587070557763869
1.6816816816816818,-0.011296252326832387
1.6916916916916918,-0.8846666226937236
1.7017017017017018,-0.04650764322746349
1.7117117117117118,-0.8428894791979002
1.7217217217217218,-0.027866556236531143
1.7317317317317318,-0.499783675923896
1.7417417417417418,-0.38579146166832445
1.7517517517517518,-0.22018592337785398
1.7617617617617618,-0.43184898917956394
1.7717717717717718,-0.07093829867285512
1.7817817817817818,-0.08919632256183112
1.7917917917917918,-0.20355219027745317
1.8018018018018018,0.021738906692140108
1.8118118118118118,-0.4245365851981437
1.8218218218218218,-0.47816130481050584
1.8318318318318318,-0.219965587876237
1.8418418418418419,-0.32916458253153874
1.8518518518518519,-0.027516350931653617
1.8618618618618619,-0.0096080281353319
1.8718718718718719,-0.14158003735753666
1.8818818818818819,-0.31542628147196444
1.8918918918918919,-0.32343495126124167
1.901901901901902,-0.17147940368446418
1.911911911911912,-0.25357400067713926
1.921921921921922,-0.017908832872423085
1.931931931931932,-0.03597535444387599
1.941941941941942,0.01562935160088099
1.951951951951952,-0.22437066385282842
1.961961961961962,-0.8856505826078005
1.971971971971972,-0.11766823578884543
1.981981981981982,0.0411202212493103
1.991991991991992,-0.02938287510465546
2.002002002002002,-0.5141022731184731
2.012012012012012,-0.26704591454933185
2.022022022022022,-0.10402523628294788
2.032032032032032,-0.20422079703750634
2.042042042042042,-0.4781472629007728
2.052052052052052,0.01652804596581572
2.062062062062062,-0.39509902599887153
2.0720720720720722,-0.18203194039327153
2.0820820820820822,-0.017471073271907826
2.0920920920920922,-0.6902828799970552
2.1021021021021022,-0.6519916465973385
2.1121121121121122,-0.3840964628100658
2.1221221221221223,-0.2724797925757908
2.1321321321321323,0.030760870635229563
2.1421421421421423,-0.3694154698831402
2.1521521521521523,-0.11941931730602638
2.1621621621621623,-0.6455124910276563
2.1721721721721723,-0.12831570155443328
2.1821821821821823,-0.4231052729460603
2.1921921921921923,0.03473448277488703
2.2022022022022023,-0.17798675024567526
2.2122122122122123,-0.2510756928725793
2.2222222222222223,0.03998788204154778
2.2322322322322323,-0.07020337366575409
2.2422422422422423,-0.7694865628473362
2.2522522522522523,-0.04710570336030561
2.2622622622622623,-0.14318173281628294
2.2722722722722724,-0.4377917537736986
2.2822822822822824,-0.6094384873092822
2.2922922922922924,-0.28444137564437
2.3023023023023024,-0.4248169904759752
2.3123123123123124,-0.7504403366507459
2.3223223223223224,-0.14410957641335287
2.3323323323323324,-0.4219486188226092
2.3423423423423424,-0.6109777743271212
2.3523523523523524,-0.5189449701742876
2.3623623623623624,-0.2320711709748554
2.3723723723723724,-0.33447741707972456
2.3823823823823824,-0.8267162475220449
2.3923923923923924,-0.0014721386925350395
2.4024024024024024,-0.772509981074316
2.4124124124124124,-0.00652176601355828
2.4224224224224224,0.02300537578111968
2.4324324324324325,-0.3604284596249629
2.4424424424424425,-0.028973965110973873
2.4524524524524525,-0.0010221991872211113
2.4624624624624625,-0.2670259077160212
2.4724724724724725,-0.7083154740354403
2.4824824824824825,-0.4303506552378754
2.4924924924924925,-0.055379603809697864
2.5025025025025025,-0.4343233317473407
2.5125125125125125,-0.2911024863883954
2.5225225225225225,-0.3621158641621536
2.5325325325325325,-0.3134389993510081
2.5425425425425425,-0.4010316969778332
2.5525525525525525,-0.31633395661806785
2.5625625625625625,-0.4180594417165246
2.5725725725725725,-0.12729269664741527
2.5825825825825826,-0.5013869132197011
2.5925925925925926,-0.07930631242188364
2.6026026026026026,-0.028640757054694568
2.6126126126126126,-0.7357958139962537
2.6226226226226226,-0.3596708189635374
2.6326326326326326,-0.19308869690683225
2.6426426426426426,-0.5116624365033609
2.6526526526526526,-0.28851612793112635
2.6626626626626626,-0.35479476895968703
2.6726726726726726,-0.37123712284186683
2.6826826826826826,-0.45003746903307595
2.6926926926926926,-0.17674294584243253
2.7027027027027026,-0.07616602941830644
2.7127127127127126,-0.48869413895708225
2.7227227227227226,-0.9628628778956747
2.7327327327327327,-0.02899069360205546
2.7427427427427427,-0.16567500795663057
2.7527527527527527,-0.34176573555816786
2.7627627627627627,-0.02000260311206361
2.7727727727727727,0.032063798339524545
2.7827827827827827,-0.7340336395517038
2.7927927927927927,0.0018193012871813902
2.8028028028028027,-0.07801408990712794
2.8128128128128127,-0.03175429726437191
2.8228228228228227,-0.13792275057357942
2.8328328328328327,-0.42259069454637976
2.8428428428428427,-0.47673851800809147
2.8528528528528527,-0.2880250103881258
2.8628628628628627,-0.06229534073721717
2.8728728728728727,-0.6175198361513526
2.8828828828828827,-0.029642920795049637
2.8928928928928928,-0.014056754679299604
2.9029029029029028,-0.14985099553551243
2.9129129129129128,-0.09823410579291318
2.9229229229229228,-0.41394876924063323
2.932932932932933,-0.05354696976108082
2.942942942942943,-0.4993929579933236
2.952952952952953,-0.3253815485000989
2.962962962962963,-0.2867327350325052
2.972972972972973,-0.2696135661338187
2.982982982982983,-0.6180250471671378
2.992992992992993,-0.6286643968757372
3.003003003003003,-0.7718356823242192
3.013013013013013,-0.6569681788722732
3.023023023023023,-0.717652914068362
3.033033033033033,-0.03325830916128857
3.043043043043043,-0.10347958530367933
3.053053053053053,-0.1103888855190643
3.063063063063063,-0.297480896291024
3.073073073073073,-0.036141984250735636
3.083083083083083,-0.3514278850564481
3.093093093093093,-0.2770988740131285
3.103103103103103,-0.2628754748688071
3.113113113113113,-0.021550778802171464
3.123123123123123,-0.04514241705449715
3.133133133133133,-0.2275969666167311
3.143143143143143,-0.2702803621339743
3.153153153153153,-0.012928637954987556
3.163163163163163,-0.2419350857779437
3.173173173173173,-0.7502948068915571
3.183183183183183,-0.029983147317260175
3.193193193193193,-0.3810681562767098
3.203203203203203,-0.2546347799789493
3.2132132132132134,-0.20423135287382735
3.2232232232232234,0.0014085457232708115
3.2332332332332334,-0.02202601323187427
3.2432432432432434,-0.007281549279949581
3.2532532532532534,-0.06819424478952936
3.2632632632632634,-0.2629199019129826
3.2732732732732734,-0.9029172271863379
3.2832832832832834,-0.16727302169557925
3.2932932932932935,-0.1644795949145332
3.3033033033033035,-0.09726805364298725
3.3133133133133135,-0.05042639233304231
3.3233233233233235,-0.06293687250488493
3.3333333333333335,-0.0676246856133317
3.3433433433433435,-0.037569798260376826
3.3533533533533535,-0.5525579741309924
3.3633633633633635,-0.36610434227373545
3.3733733733733735,-0.10013956915400805
3.3833833833833835,-0.21846084923849826
3.3933933933933935,-0.1617133564693969
3.4034034034034035,-0.45352917298574913
3.4134134134134135,-0.652052939791051
3.4234234234234235,-0.8792884116333433
3.4334334334334335,-0.514671384572513
3.4434434434434436,-0.07394811392109835
3.4534534534534536,-0.10743515222921896
3.4634634634634636,-0.021703618108561026
3.4734734734734736,-0.34721624312159893
3.4834834834834836,-0.14282746604473515
3.4934934934934936,-0.009283828967495023
3.5035035035035036,-0.4129506616296997
3.5135135135135136,-0.5824060199952648
3.5235235235235236,-0.32190551543478924
3.5335335335335336,-0.07363917727082367
3.5435435435435436,-0.3507671912316146
3.5535535535535536,-0.01584028481367873
3.5635635635635636,-0.008371094059673165
3.5735735735735736,-0.3575070289723851
3.5835835835835836,0.001489372413327893
3.5935935935935936,-0.6951490542162891
3.6036036036036037,-0.6218527581079486
3.6136136136136137,0.013944281581873563
3.6236236236236237,-0.008114598820194417
3.6336336336336337,-0.9084655457012225
3.6436436436436437,-0.36222356867572775
3.6536536536536537,-0.08246683706609864
3.6636636636636637,-0.03564946114608399
3.6736736736736737,-0.9815304632311701
3.6836836836836837,0.02861204185462288
3.6936936936936937,-0.1239979498470415
3.7037037037037037,-0.09020879174963338
3.7137137137137137,0.014263885673140225
3.7237237237237237,-0.15558744604080038
3.7337337337337337,-0.18320811611749063
3.7437437437437437,0.018895176762731055
3.7537537537537538,-0.15964631653238293
3.7637637637637638,-0.028331421799177355
3.7737737737737738,-0.34072783834032233
3.7837837837837838,-0.05916114550551765
3.793793793793794,-0.03768508816808019
3.803803803803804,-0.33405510171413755
3.813813813813814,0.03930867312324228
3.823823823823824,-0.02298736247146131
3.833833833833834,-0.519405415642484
3.843843843843844,-0.10008427900572613
3.853853853853854,-0.622153118874734
3.863863863863864,-0.27076905033299886
3.873873873873874,-0.5366018143635134
3.883883883883884,-0.3850640128832582
3.893893893893894,-0.6100149664904787
3.903903903903904,-0.9921728760653212
3.913913913913914,-0.14269213450571797
3.923923923923924,-0.16253910862397036
3.933933933933934,-0.10286865085847367
3.943943943943944,-0.39335534088669466
3.953953953953954,-0.5213963914539337
3.963963963963964,-0.0963012426839622
3.973973973973974,-0.40380075859640135
3.983983983983984,-0.16825103126337965
3.993993993993994,-0.41828033785704705
4.004004004004004,0.010419314083836095
4.014014014014014,-0.6142061270662549
4.024024024024024,-0.22368926212491824
4.034034034034034,-0.5011990225991986
4.044044044044044,-0.1840166958444381
4.054054054054054,-0.23435843156016217
4.064064064064064,0.016898298904041566
4.074074074074074,-0.3375340417507111
4.084084084084084,-0.45241642972739204
4.094094094094094,-0.8576153782374794
4.104104104104104,-0.22751253883906747
4.114114114114114,-0.4940203759785796
4.124124124124124,-0.7171012657596365
4.134134134134134,-0.14809713227494972
4.1441441441441444,-0.7418135563410202
4.1541541541541545,-0.3696850648294338
4.1641641641641645,-0.1141046619819161
4.1741741741741745,0.03819557119009399
4.1841841841841845,-0.10093834961019195
4.1941941941941945,0.028856605105571774
4.2042042042042045,-0.26197166100457975
4.2142142142142145,-0.16194798984822947
4.2242242242242245,-0.16359497785989233
4.2342342342342345,-0.028734979114274105
4.2442442442442445,-0.5021243742748914
4.2542542542542545,-0.06656546516842184
4.2642642642642645,-0.055736312163077596
4.2742742742742745,0.001956092357728512
4.2842842842842845,-0.1109654546310807
4.2942942942942945,-0.07496627241952618
4.3043043043043046,-0.036900598254396386
4.314314314314315,-0.07545137561413598
4.324324324324325,-0.26546196128046207
4.334334334334335,-0.1946390840868669
4.344344344344345,-0.42017059598944195
4.354354354354355,-0.862697010437969
4.364364364364365,-0.119577243527082
4.374374374374375,-0.07671934755752675
4.384384384384385,0.04033821384561051
4.394394394394395,-0.3913666576869022
4.404404404404405,-0.2686361100743397
4.414414414414415,-0.5351442172760389
4.424424424424425,-0.02019179579038823
4.434434434434435,-0.20570758469166278
4.444444444444445,-0.8792136688525437
4.454454454454455,-0.36800324300893567
4.464464464464465,-0.18519854065776897
4.474474474474475,-0.7820249711012849
4.484484484484485,-0.2572583093834967
4.494494494494495,-0.3965767708773978
4.504504504504505,0.029394898513983015
4.514514514514515,-0.050129004396649884
4.524524524524525,-0.20791840675383985
4.534534534534535,-0.6573613810371242
4.544544544544545,-0.29034337647691283
4.554554554554555,-0.11855059718360947
4.564564564564565,0.03581981700600969
4.574574574574575,0.0029435460231414692
4.584584584584585,-0.0022574307253855536
4.594594594594595,-0.31397317812142633
4.604604604604605,-0.11848856696765715
4.614614614614615,-0.09488369714746392
4.624624624624625,-0.21345917164480024
4.634634634634635,-0.2799258771130061
4.644644644644645,-0.8664030827481468
4.654654654654655,-0.12514064696982155
4.664664664664665,0.037888652029285944
4.674674674674675,0.0058191638651853865
4.684684684684685,-0.22401269879561206
4.694694694694695,-0.0937250935067643
4.704704704704705,-0.5278786279187808
4.714714714714715,0.00789156807243364
4.724724724724725,-0.04836329331713912
4.734734734734735,-0.3212441318520163
4.744744744744745,-0.15834379066974816
4.754754754754755,-0.3720020606465386
4.764764764764765,-0.15282003315285936
4.774774774774775,-0.5764560619966334
4.784784784784785,-0.04272175997962244
4.794794794794795,-0.14136942920478673
4.804804804804805,-0.527367563332119
4.814814814814815,-0.6151433942432607
4.824824824824825,-0.6811782900959277
4.834834834834835,-0.756006849603333
4.844844844844845,-0.7227888989785636
4.854854854854855,-0.18750462240298868
4.864864864864865,-0.2552267882815765
4.874874874874875,-0.16979887288950476
4.884884884884885,-0.18078798344434127
4.894894894894895,0.02071465290260596
4.904904904904905,-0.30562971441181386
4.914914914914915,-0.47004757354777293
4.924924924924925,-0.2553729614574399
4.934934934934935,-0.24327001153442954
4.944944944944945,-0.180046334502528
4.954954954954955,-0.03715353147046056
4.964964964964965,-0.023630166422645385
4.974974974974975,-0.027612873569862695
4.984984984984985,-0.0068453100170526695
4.994994994994995,-0.05358000081050289
5.005005005005005,-0.08127525345161739
5.015015015015015,-0.32146273500833455
5.025025025025025,-0.18602693846660348
5.035035035035035,-0.044175722600042405
5.045045045045045,-0.43869514070096277
5.055055055055055,-0.21995421652514568
5.065065065065065,-0.2112804706663155
5.075075075075075,0.03857857108439357
5.085085085085085,0.021507334794061143
5.095095095095095,-0.4216761491937133
5.105105105105105,0.03673591139496805
5.115115115115115,-0.1223908993405752
5.125125125125125,-0.29559362991673743
5.135135135135135,-0.05215027977757914
5.145145145145145,-0.02610297608626384
5.155155155155155,-0.12950796774095638
5.165165165165165,-0.15402584789941098
5.175175175175175,-0.8796840362715831
5.185185185185185,0.03128413812082168
5.195195195195195,-0.019840316782682527
5.205205205205205,-0.5623626888142734
5.215215215215215,-0.896397340840679
5.225225225225225,-0.13349780175385925
5.235235235235235,-0.0037073030869003805
5.245245245245245,-0.4197837496524215
5.255255255255255,-0.00726207545646053
5.265265265265265,-0.3307026734805726
5.275275275275275,-0.2984688213097197
5.285285285285285,-0.33265581093067803
5.295295295295295,0.03836060914786551
5.305305305305305,-0.19244512444607875
5.315315315315315,-0.7489305660629755
5.325325325325325,-0.45498131965840505
5.335335335335335,-0.4112136277877629
5.345345345345345,-0.0007798447968370238
5.355355355355355,-0.8985742243540624
5.365365365365365,-0.7594602363551779
5.375375375375375,-0.48675568191100926
5.385385385385385,-0.3815489797825288
5.395395395395395,-0.24140451117467826
5.405405405405405,-0.7019971461892026
5.415415415415415,-0.3529847417354802
5.425425425425425,-0.8006165142264394
5.435435435435435,-0.5105097509927419
5.445445445445445,-0.00586668688651751
5.455455455455455,-0.3841410222224907
5.465465465465465,-0.09337654603603779
5.475475475475475,-0.014489106375159514
5.485485485485485,0.013003829904459033
5.495495495495495,-0.07312460033279532
5.505505505505505,-0.47427473254484925
5.515515515515515,-0.2765188087024626
5.525525525525525,-0.2387398682470741
5.535535535535535,-0.3203644610536651
5.545545545545545,-0.2953568072943696
5.555555555555555,-0.03063943155480372
5.565565565565565,-0.05983726687141065
5.575575575575575,-0.5387992541918236
5.585585585585585,-0.6264044233189698
5.595595595595595,-0.40919474732324274
5.605605605605605,-0.15747031307907297
5.615615615615615,-0.37532437334673097
5.625625625625625,-0.06235209769342712
5.635635635635635,-0.6850165797144294
5.645645645645645,-0.464105465213412
5.655655655655655,-0.1270667510302177
5.665665665665665,-0.9964226605604851
5.675675675675675,-0.3466897012452977
5.685685685685685,-0.43444982649756836
5.6956956956956954,-0.11427936264180788
5.7057057057057055,-0.048335118817255114
5.7157157157157155,-0.14826119097523333
5.7257257257257255,-0.7936032540095226
5.7357357357357355,-0.2503371832631178
5.7457457457457455,-0.2230287858365782
5.7557557557557555,-0.14856498456955533
5.7657657657657655,-0.5060167549015009
5.7757757757757755,-0.09469648409535038
5.7857857857857855,-0.07262270065801846
5.7957957957957955,-0.24283611510588293
5.8058058058058055,-0.32099848306962075
5.8158158158158155,-0.29261260362886066
5.8258258258258255,-0.047922100349748684
5.8358358358358355,-0.2609324012507325
5.8458458458458455,-0.5335222123058443
5.8558558558558556,-0.7501032431155235
5.865865865865866,-0.5873964108908241
5.875875875875876,-0.4607448068456149
5.885885885885886,-0.6933521798895579
5.895895895895896,-0.06304722390995274
5.905905905905906,-0.127468197483647
5.915915915915916,-0.47535198214542296
5.925925925925926,-0.9103425710700198
5.935935935935936,0.02100936388399172
5.945945945945946,-0.1637930424496716
5.955955955955956,-0.041932432503366125
5.965965965965966,-0.5949216644685769
5.975975975975976,-0.23916824801828396
5.985985985985986,-0.10234495741279989
5.995995995995996,-0.18874446806222203
6.006006006006006,-0.481520595144645
6.016016016016016,-0.8018681795706224
6.026026026026026,-0.07451493076072982
6.036036036036036,-0.6020963437097381
6.046046046046046,-0.40367949668782266
6.056056056056056,-0.05832150924071586
6.066066066066066,-0.33830626475315206
6.076076076076076,-0.5591503426752334
6.086086086086086,-0.22767030443493383
6.096096096096096,0.0026566956901684074
6.106106106106106,-0.06872382451306921
6.116116116116116,0.0028878135324526687
6.126126126126126,-0.3025193859454208
6.136136136136136,-0.18515486695076228
6.146146146146146,-0.2331084006464407
6.156156156156156,-0.10747406745220883
6.166166166166166,-0.9272543091559424
6.176176176176176,-0.2966423409194047
6.186186186186186,-0.08954599008066179
6.196196196196196,-0.41901998754490855
6.206206206206206,-0.12635956117856095
6.216216216216216,-0.19157717146433206
6.226226226226226,5.997444984403672e-05
6.236236236236236,-0.3047083042012953
6.246246246246246,-0.16577662394566658
6.256256256256256,-0.07094407766509082
6.266266266266266,-0.8542836350670835
6.276276276276276,-0.009836190908480971
6.286286286286286,-0.5373859848574719
6.296296296296296,-0.9455179914291388
6.306306306306306,-0.10677123845543253
6.316316316316316,-0.08769826121731267
6.326326326326326,-0.6818192873186655
6.336336336336336,0.0367123586215894
6.346346346346346,-0.043677946608212
6.356356356356356,-0.1987394156384732
6.366366366366366,-0.3581561799361257
6.376376376376376,-0.08192306336905987
6.386386386386386,-0.06444582174906725
6.396396396396396,-0.37048817201698875
6.406406406406406,-0.05343125008198912
6.416416416416417,-0.09005171584370672
6.426426426426427,-0.4776463816830083
6.436436436436437,-0.06732450906751085
6.446446446446447,-0.03543587935301065
6.456456456456457,-0.20329833059085392
6.466466466466467,-0.21814074275050457
6.476476476476477,-0.745745259460682
6.486486486486487,-0.48763875240596694
6.496496496496497,-0.14163161100896443
6.506506506506507,-0.28656780211780686
6.516516516516517,-0.28509826498292373
6.526526526526527,-0.5977084277979736
6.536536536536537,0.018163319107115612
6.546546546546547,-0.1651174096670074
6.556556556556557,-0.12049342057736472
6.566566566566567,0.03920110607029199
6.576576576576577,-0.000151941319854079
6.586586586586587,-0.18947783395637888
6.596596596596597,-0.41393657472188916
6.606606606606607,-0.46040180020447097
6.616616616616617,0.0411097204517453
6.626626626626627,-0.23777729462548533
6.636636636636637,-0.30611232895471635
6.646646646646647,-0.31163713623707495
6.656656656656657,-0.4756587024058211
6.666666666666667,-0.0421390846190574
6.676676676676677,-0.0036412401827628157
6.686686686686687,0.003752710002647618
6.696696696696697,-0.5175652818352827
6.706706706706707,-0.03259786643965213
6.716716716716717,-0.32362272061474584
6.726726726726727,-0.20067563863783414
6.736736736736737,-0.4656328691344742
6.746746746746747,0.02931710584483178
6.756756756756757,-0.355292580002907
6.766766766766767,-0.3447998715773929
6.776776776776777,-0.07755070090698413
6.786786786786787,-0.4062341646909836
6.796796796796797,0.0022155592184559657
6.806806806806807,0.015150507934265532
6.816816816816817,-0.22306758799022666
6.826826826826827,-0.779573580110677
6.836836836836837,-0.8522103277501608
6.846846846846847,-0.11477906692105577
6.856856856856857,-0.5891677794018395
6.866866866866867,-0.6539566759304111
6.876876876876877,-0.1373020772354791
6.886886886886887,-0.3418127188632656
6.896896896896897,-0.1999875492342469
6.906906906906907,-0.05843563684994013
6.916916916916917,-0.9135171453741814
6.926926926926927,-0.3977774369785417
6.936936936936937,-0.33750555562637874
6.946946946946947,-0.4060186318701874
6.956956956956957,-0.7167797927622023
6.966966966966967,-0.0174591863288323
6.976976976976977,-0.17289110892317278
6.986986986986987,-0.08706889785602487
6.996996996996997,-0.1057592392652721
7.007007007007007,-0.4759659355240875
7.017017017017017,-0.09586725937710434
7.027027027027027,-0.003926014919116201
7.037037037037037,-0.12043421338700921
7.047047047047047,-0.5519296802630778
7.057057057057057,-0.13085501045462547
7.067067067067067,-0.13357744122820725
7.077077077077077,0.00518380612071479
7.087087087087087,-0.5917692142915163
7.097097097097097,-0.27280535006622264
7.107107107107107,-0.9962497599988475
7.117117117117117,-0.8168024967321386
7.127127127127127,-0.7267697153170948
7.137137137137137,-0.841321809362044
7.147147147147147,-0.4505747298038494
7.157157157157157,-0.08509830247746658
7.167167167167167,-0.12641875764958793
7.177177177177177,-0.036441881623854276
7.187187187187187,0.006447130309545464
7.197197197197197,-0.49843157805256916
7.207207207207207,-0.15613217160563297
7.217217217217217,-0.08082970425949917
7.227227227227227,-0.07150961460599844
7.237237237237237,-0.3476358734059604
7.247247247247247,-0.07181327417357053
7.257257257257257,-0.5850254387463301
7.267267267267267,-0.8462447103703291
7.277277277277277,-0.05988663247692134
7.287287287287287,-0.08547692522504623
7.297297297297297,-0.3606043945113818
7.307307307307307,-0.17359683346625718
7.317317317317317,-0.16165585331145055
7.327327327327327,-0.8230108166680279
7.337337337337337,-0.7812167997000601
7.347347347347347,0.008714922374654077
7.357357357357357,-0.16535606865222846
7.367367367367367,-0.594516830590113
7.377377377377377,0.025739721166610968
7.387387387387387,-0.4171620655945846
7.397397397397397,-0.08985697913676845
7.407407407407407,0.03658574001055109
7.4174174174174174,-0.06235893286553099
7.4274274274274275,-0.39012941765548853
7.4374374374374375,-0.1375254028098402
7.4474474474474475,-0.18113077808507116
7.4574574574574575,0.039119422459259
7.4674674674674675,0.009599706839083748
7.4774774774774775,-0.03553107064636939
7.4874874874874875,-0.026229966064778152
7.4974974974974975,-0.1081035229859435
7.5075075075075075,-0.3019576978793107
7.5175175175175175,-0.40744466489326286
7.5275275275275275,-0.7220142690005615
7.5375375375375375,-0.06317987030512646
7.5475475475475475,-0.20260073674360132
7.5575575575575575,-0.36480093302857497
7.5675675675675675,-0.23881594028621714
7.5775775775775776,-0.07401199726142592
7.587587587587588,-0.4246630856132006
7.597597597597598,-0.01730580487314384
7.607607607607608,-0.5960601879665646
7.617617617617618,-0.05313555955230423
7.627627627627628,-0.012372241642632772
7.637637637637638,-0.33465517960830005
7.647647647647648,-0.0958978925260324
7.657657657657658,-0.28944289539867096
7.667667667667668,-0.8250170193202552
7.677677677677678,-0.12475603757764095
7.687687687687688,-0.47709801735157353
7.697697697697698,-0.46578775848444476
7.707707707707708,-0.3757733402054173
7.717717717717718,-0.3390132819221903
7.727727727727728,-0.3624346792286864
7.737737737737738,-0.550564875569247
7.747747747747748,-0.00936504719866731
7.757757757757758,-0.056406981390429184
7.767767767767768,-0.09984840845502395
7.777777777777778,-0.3522254273516339
7.787787787787788,-0.24685479826993964
7.797797797797798,-0.6626322219828735
7.807807807807808,-0.3837662722628915
7.817817817817818,0.03722580810178329
7.827827827827828,-0.1926080282286841
7.837837837837838,-0.8032988373723454
7.847847847847848,-0.26110316090630803
7.857857857857858,-0.364314963859382
7.867867867867868,-0.1845632120289274
7.877877877877878,-0.146235683428948
7.887887887887888,-0.017985393206657548
7.897897897897898,0.0340698401982426
7.907907907907908,-0.016904450090684607
7.917917917917918,-0.07694794917582075
7.927927927927928,-0.21990732926335796
7.937937937937938,0.016382803179947603
7.947947947947948,-0.6451832312762633
7.957957957957958,-0.5404449054919169
7.967967967967968,-0.12498752230145414
7.977977977977978,-0.6647249742714457
7.987987987987988,-0.3360480187433419
7.997997997997998,-0.17044717661373462
8.008008008008009,-0.03369985443371779
8.018018018018019,-0.2922651389517244
8.028028028028029,-0.13064981975385176
8.038038038038039,0.034125427178996644
8.048048048048049,-0.08606080378824402
8.058058058058059,-0.6696257797971324
8.068068068068069,-0.011381540920320357
8.078078078078079,-0.724891412542109
8.088088088088089,-0.0148532471952188
8.098098098098099,-0.41963855918419
8.108108108108109,0.006176427903874721
8.118118118118119,-0.2651218425601634
8.128128128128129,-0.30104274149681026
8.138138138138139,0.03297329761535144
8.148148148148149,-0.4881472413525456
8.158158158158159,-0.055637248262347984
8.168168168168169,-0.23596725406878322
8.178178178178179,-0.14987588456360448
8.188188188188189,-0.27038181922135246
8.198198198198199,-0.33308421477503664
8.208208208208209,-0.08350969153901831
8.218218218218219,-0.1292330027050104
8.228228228228229,-0.21686531020241592
8.238238238238239,-0.6106748550282108
8.248248248248249,0.04125955129098258
8.258258258258259,-0.21347072525796476
8.268268268268269,-0.20190243384443005
8.278278278278279,-0.06571277051258358
8.288288288288289,-0.25893651127719663
8.298298298298299,0.007629183891888906
8.308308308308309,-0.06511791642738333
8.318318318318319,-0.09352160518570428
8.328328328328329,0.03420457362345266
8.338338338338339,-0.6107491426130595
8.348348348348349,-0.31447848387483146
8.358358358358359,-0.3855196733252599
8.368368368368369,-0.5699346632871789
8.378378378378379,-0.6121460209083309
8.388388388388389,-0.15876163227024606
8.398398398398399,-0.23335689856287697
8.408408408408409,-0.1578973446899871
8.418418418418419,-0.1937943955867592
8.428428428428429,-0.5602732012342332
8.438438438438439,-0.09516913955049991
8.448448448448449,-0.05792693816916982
8.458458458458459,-0.07334888677999918
8.468468468468469,-0.7639147042008598
8.478478478478479,-0.5153344949751659
8.488488488488489,-0.025958482017230153
8.498498498498499,-0.14712517972309444
8.508508508508509,-0.1848689506856881
8.518518518518519,0.006332442040307252
8.528528528528529,-0.4744645006393602
8.538538538538539,-0.3722871673582993
8.548548548548549,-0.7192013608730075
8.558558558558559,-0.06429948207377274
8.568568568568569,-0.6141851689460419
8.578578578578579,0.03734018826016647
8.588588588588589,-0.3977411938910752
8.598598598598599,0.04060246132918662
8.608608608608609,-0.2649078569390228
8.618618618618619,-0.06569984949733457
8.62862862862863,-0.7237278912152125
8.63863863863864,-0.3249046442366704
8.64864864864865,-0.0029685167588895467
8.65865865865866,-0.7443986467600395
8.66866866866867,-0.6611496755322187
8.67867867867868,-0.22381350514225473
8.68868868868869,-0.420867319599494
8.6986986986987,-0.27726702034189254
8.70870870870871,-0.05559905699895622
8.71871871871872,-0.4067071795728299
8.72872872872873,-0.14785792744218412
8.73873873873874,-0.1469370462817197
8.74874874874875,-0.16857789882198226
8.75875875875876,-0.4928195147590699
8.76876876876877,-0.10922811452786389
8.77877877877878,-0.01391991545441113
8.78878878878879,-0.38780696988310215
8.7987987987988,-0.006434283309658785
8.80880880880881,-0.9402452944747911
8.81881881881882,-0.16096872219953598
8.82882882882883,-0.6366262548970161
8.83883883883884,-0.20240950243201897
8.84884884884885,-0.6606207838314841
8.85885885885886,-0.3968866411400433
8.86886886886887,-0.24295087463710444
8.87887887887888,-0.4840177631061289
8.88888888888889,-0.39121905314541205
8.8988988988989,-0.15128558939873687
8.90890890890891,-0.22146121084963286
8.91891891891892,-0.05111114479609827
8.92892892892893,-0.2561735371515173
8.93893893893894,-0.2340099759047341
8.94894894894895,-0.005694162772900898
8.95895895895896,-0.07049378354087298
8.96896896896897,0.026166444392929002
8.97897897897898,-0.02621159799512071
8.98898898898899,-0.19410573742691611
8.998998998999,-0.7735707746083051
9.00900900900901,-0.0451885530048724
9.01901901901902,-0.08091398387859221
9.02902902902903,-0.13430275104051315
9.03903903903904,-0.06973689263962399
9.04904904904905,-0.06351034307696385
9.05905905905906,0.012943035055043971
9.06906906906907,-0.8214898765391119
9.07907907907908,-0.4613814889273694
9.08908908908909,0.021026378852680258
9.0990990990991,-0.09489469931800983
9.10910910910911,-0.058690744089491084
9.11911911911912,-0.08073169082061248
9.12912912912913,-0.43381219734267024
9.13913913913914,0.04100630134934516
9.14914914914915,-0.7899431731972787
9.15915915915916,-0.920825262892819
9.16916916916917,-0.7167564607913401
9.17917917917918,-0.9268073222252807
9.18918918918919,-0.2916298978329734
9.1991991991992,-0.31422093958729785
9.20920920920921,-0.08144004500493703
9.21921921921922,-0.11856308777831723
9.22922922922923,-0.27980819744222135
9.23923923923924,-0.2034773832599752
9.24924924924925,-0.5631178218217872
9.25925925925926,-0.4390111536165422
9.26926926926927,-0.10413056740857711
9.27927927927928,-0.8034820642479179
9.28928928928929,-0.008580221219783314
9.2992992992993,-0.5826241416857496
9.30930930930931,-0.3221652296728512
9.31931931931932,-0.6036963688320969
9.32932932932933,0.0030102428683162516
9.33933933933934,0.01666538840559845
9.34934934934935,-0.06751089203149915
9.35935935935936,-0.27817801955409666
9.36936936936937,-0.2538198096192403
9.37937937937938,-0.40944878486593367
9.38938938938939,0.013210398936304294
9.3993993993994,-0.6395080610255681
9.40940940940941,0.004622213215662759
9.41941941941942,-0.559932642635036
9.42942942942943,-0.38395648760221557
9.43943943943944,-0.7313327580923096
9.44944944944945,-0.7324838401032122
9.45945945945946,-0.18489502520119128
9.46946946946947,0.021496650994323668
9.47947947947948,-0.67065776523619
9.48948948948949,-0.4879500862318166
9.4994994994995,-0.09595850138504461
9.50950950950951,-0.09473353060503024
9.51951951951952,-0.1881541230166583
9.52952952952953,-0.04005770702033167
9.53953953953954,-0.29545020796436955
9.54954954954955,-0.16430750047715545
9.55955955955956,-0.3504052460085998
9.56956956956957,-0.6549896457619938
9.57957957957958,-0.9846329328300912
9.58958958958959,-0.06657918469955594
9.5995995995996,-0.3024981203864458
9.60960960960961,-0.7827458150381046
9.61961961961962,-0.008731213961954806
9.62962962962963,-0.11741188440875822
9.63963963963964,-0.07244386643477525
9.64964964964965,-0.1876881272367863
9.65965965965966,-0.5667480021607478
9.66966966966967,-0.7964467121651129
9.67967967967968,-0.03850683214470201
9.68968968968969,-0.19330709613246183
9.6996996996997,-0.40496912854263023
9.70970970970971,-0.1424282490977013
9.71971971971972,-0.33837683891142645
9.72972972972973,-0.7503258310973601
9.73973973973974,-0.008741568476172416
9.74974974974975,-0.9796121738135919
9.75975975975976,-0.5997801761871584
9.76976976976977,-0.11053205288824697
9.77977977977978,-0.31256465764634656
9.78978978978979,-0.026420008008266112
9.7997997997998,-0.004508203474657644
9.80980980980981,-0.10740145030243346
9.81981981981982,-0.3792609234087931
9.82982982982983,-0.030087548299959858
9.83983983983984,-0.9777215059030999
9.84984984984985,-0.055291219490110614
9.85985985985986,-0.2841071419709856
9.86986986986987,-0.8826694214217533
9.87987987987988,-0.8600336689132895
9.88988988988989,0.02231874354678356
9.8998998998999,-0.021186512901142113
9.90990990990991,-0.014535051159475195
9.91991991991992,-0.17345771920640213
9.92992992992993,-0.1829510553403696
9.93993993993994,-0.6718726421190798
9.94994994994995,-0.6011499724734863
9.95995995995996,-0.25410856539285537
9.96996996996997,-0.03621010157884927
9.97997997997998,-0.3756490814831873
9.98998998998999,-0.17124662005285404
10.0,-0.3713329162306487
